distrito,monto
San Borja,276.1125168796437
San Isidro,275.6820708050437
Miraflores,275.1716954066012
Desconocido,274.3126480244911
Surco,272.4405579450818
La Molina,271.6059107081956
